distance,consume,speed,temp_inside,temp_outside,gas_type,AC,rain,sun,refill liters,refill gas,snow,time,lkm
28.0,5.0,26,21.5,12,E10,0,0,0,45.0,E10,0,1.0769230769230769,17.86
12.0,4.2,30,21.5,13,E10,0,0,0,0.0,No,0,0.4,35.0
11.2,5.5,38,21.5,15,E10,0,0,0,0.0,No,0,0.2947368421052631,49.11
12.9,3.9,36,21.5,14,E10,0,0,0,0.0,No,0,0.3583333333333333,30.23
18.5,4.5,46,21.5,15,E10,0,0,0,0.0,No,0,0.4021739130434782,24.32
8.3,6.4,50,21.5,10,E10,0,0,0,0.0,No,0,0.166,77.11
7.8,4.4,43,21.5,11,E10,0,0,0,0.0,No,0,0.1813953488372092,56.41
12.3,5.0,40,21.5,6,E10,0,0,0,0.0,No,0,0.3075,40.65
11.9,5.3,30,21.5,9,E10,0,0,0,0.0,No,0,0.3966666666666666,44.54
12.4,5.6,42,21.5,4,E10,0,0,0,0.0,No,0,0.2952380952380952,45.16
11.8,4.6,38,21.5,0,E10,0,0,0,0.0,No,0,0.3105263157894737,38.98
12.3,5.9,59,21.5,10,E10,0,0,0,0.0,No,0,0.2084745762711864,47.97
24.7,5.1,58,21.5,12,E10,0,0,0,0.0,No,0,0.4258620689655172,20.65
12.4,4.7,46,21.5,11,E10,0,0,0,0.0,No,0,0.2695652173913043,37.9
17.3,5.1,24,21.5,5,E10,0,0,0,0.0,No,0,0.7208333333333333,29.48
11.8,5.1,32,21.5,3,E10,0,0,0,0.0,No,0,0.36875,43.22
25.9,4.9,39,21.5,8,E10,0,0,0,0.0,No,0,0.6641025641025641,18.92
11.8,4.7,40,21.5,4,E10,0,0,0,0.0,No,0,0.295,39.83
25.3,5.5,32,21.5,3,E10,0,0,0,0.0,No,0,0.790625,21.74
14.2,5.9,38,21.5,1,E10,0,0,0,0.0,No,0,0.3736842105263158,41.55
17.9,5.7,37,21.5,1,E10,0,0,0,0.0,No,0,0.4837837837837837,31.84
11.8,4.7,36,21.5,1,E10,0,0,0,0.0,No,0,0.3277777777777778,39.83
12.3,5.9,62,21.5,6,E10,0,0,0,0.0,No,0,0.1983870967741935,47.97
12.4,4.1,57,21.5,9,E10,0,0,0,0.0,No,0,0.2175438596491228,33.06
18.4,5.7,21,22.5,2,E10,0,0,0,0.0,No,0,0.8761904761904761,30.98
18.4,5.8,28,21.5,3,E10,0,0,0,0.0,No,0,0.6571428571428571,31.52
18.3,5.5,29,21.5,1,E10,0,0,0,0.0,No,0,0.6310344827586207,30.05
18.4,5.7,35,21.5,4,E10,0,0,0,0.0,No,0,0.5257142857142857,30.98
12.3,5.3,51,21.5,11,E10,0,0,0,0.0,No,0,0.2411764705882353,43.09
11.8,5.0,29,21.5,10,E10,0,0,0,0.0,No,0,0.4068965517241379,42.37
12.3,5.6,58,21.5,8,E10,0,0,0,0.0,No,0,0.2120689655172414,45.53
19.0,4.3,36,21.5,7,E10,0,0,0,0.0,No,0,0.5277777777777778,22.63
12.1,5.7,36,21.5,8,E10,0,0,0,0.0,No,0,0.3361111111111111,47.11
20.0,5.2,37,21.5,4,E10,0,0,0,0.0,No,0,0.5405405405405406,26.0
11.8,4.8,23,21.5,9,E10,0,0,0,0.0,No,0,0.5130434782608696,40.68
12.3,6.5,58,21.5,7,E10,0,0,0,0.0,No,0,0.2120689655172414,52.85
12.4,4.0,55,21.5,7,E10,1,1,0,0.0,No,0,0.2254545454545454,32.26
11.7,4.6,37,21.5,6,E10,0,0,0,0.0,No,0,0.3162162162162162,39.32
10.2,4.3,44,21.5,7,E10,0,0,0,0.0,No,0,0.2318181818181818,42.16
5.4,3.3,32,21.5,7,SP98,0,0,0,37.6,SP98,0,0.16875,61.11
14.2,5.1,32,21.5,7,SP98,0,0,0,0.0,No,0,0.44375,35.92
16.0,4.9,25,21.5,8,SP98,0,0,0,0.0,No,0,0.64,30.63
11.8,4.9,25,21.5,11,SP98,0,0,0,0.0,No,0,0.472,41.53
27.3,4.7,36,21.5,10,SP98,0,0,0,0.0,No,0,0.7583333333333333,17.22
11.8,5.1,29,21.5,5,SP98,0,1,0,0.0,No,0,0.4068965517241379,43.22
10.6,4.9,63,21.5,6,SP98,0,0,0,0.0,No,0,0.1682539682539682,46.23
11.6,4.2,61,21.5,7,SP98,0,0,0,0.0,No,0,0.1901639344262295,36.21
13.1,6.1,46,21.5,6,SP98,0,1,0,0.0,No,0,0.2847826086956521,46.56
11.8,4.9,24,21.5,7,SP98,0,0,0,0.0,No,0,0.4916666666666667,41.53
12.3,6.2,61,21.5,8,SP98,0,0,0,0.0,No,0,0.2016393442622951,50.41
12.4,4.2,57,21.5,8,SP98,0,0,0,0.0,No,0,0.2175438596491228,33.87
12.3,5.7,52,21.5,8,SP98,0,1,0,0.0,No,0,0.2365384615384615,46.34
9.8,5.8,24,21.5,6,SP98,0,0,0,0.0,No,0,0.4083333333333334,59.18
6.8,5.3,26,21.5,6,SP98,0,0,0,0.0,No,0,0.2615384615384615,77.94
12.4,5.4,24,21.5,7,SP98,0,0,0,0.0,No,0,0.5166666666666667,43.55
12.4,4.7,57,21.5,8,SP98,0,0,0,0.0,No,0,0.2175438596491228,37.9
11.8,4.6,41,21.5,6,SP98,0,0,0,0.0,No,0,0.2878048780487805,38.98
12.3,5.4,55,21.5,8,SP98,0,0,0,0.0,No,0,0.2236363636363636,43.9
14.0,4.3,40,21.5,8,SP98,0,0,0,0.0,No,0,0.35,30.71
11.8,4.5,37,21.5,4,SP98,1,0,0,0.0,No,0,0.3189189189189189,38.14
12.3,5.2,55,21.5,12,SP98,0,0,0,0.0,No,0,0.2236363636363636,42.28
13.9,5.1,29,21.5,6,SP98,0,0,0,0.0,No,0,0.4793103448275862,36.69
9.7,3.9,42,21.5,8,SP98,0,0,0,0.0,No,0,0.2309523809523809,40.21
11.6,5.0,25,21.5,6,SP98,0,0,0,0.0,No,0,0.4639999999999999,43.1
14.2,5.4,38,21.5,7,SP98,0,0,0,0.0,No,0,0.3736842105263158,38.03
11.8,4.5,39,21.5,6,SP98,0,0,0,0.0,No,0,0.3025641025641026,38.14
24.8,5.1,50,21.5,9,SP98,0,0,0,0.0,No,0,0.496,20.56
12.4,4.7,56,21.5,7,SP98,0,0,0,0.0,No,0,0.2214285714285714,37.9
14.2,5.4,36,20.0,6,SP98,0,0,0,0.0,No,0,0.3944444444444444,38.03
5.2,4.5,39,20.0,10,SP98,0,0,0,0.0,No,0,0.1333333333333333,86.54
10.5,3.6,42,20.0,10,SP98,0,0,0,37.7,SP98,0,0.25,34.29
12.3,5.2,57,20.0,10,SP98,0,0,0,0.0,No,0,0.2157894736842105,42.28
11.8,4.9,25,20.0,11,SP98,0,0,0,0.0,No,0,0.472,41.53
12.3,6.2,58,20.0,11,SP98,0,1,0,0.0,No,0,0.2120689655172414,50.41
13.2,4.3,51,20.0,11,SP98,0,1,0,0.0,No,0,0.2588235294117647,32.58
13.0,5.0,45,20.0,11,SP98,0,1,0,0.0,No,0,0.2888888888888888,38.46
12.9,5.1,32,20.0,11,SP98,0,0,0,0.0,No,0,0.403125,39.53
13.9,5.6,22,20.0,8,SP98,0,0,0,0.0,No,0,0.6318181818181818,40.29
11.8,4.3,37,20.0,6,SP98,0,0,0,0.0,No,0,0.3189189189189189,36.44
12.2,5.8,60,20.0,11,SP98,0,0,0,0.0,No,0,0.2033333333333333,47.54
12.5,4.0,51,20.0,13,SP98,0,0,0,0.0,No,0,0.2450980392156862,32.0
12.4,4.7,43,21.929521,10,SP98,0,0,0,0.0,No,0,0.2883720930232558,37.9
11.8,5.9,21,20.0,9,SP98,1,1,0,0.0,No,0,0.5619047619047619,50.0
11.8,5.3,52,21.929521,11,SP98,0,0,0,0.0,No,0,0.2269230769230769,44.92
12.5,4.2,57,20.0,11,SP98,0,0,0,0.0,No,0,0.219298245614035,33.6
15.7,5.3,33,21.929521,9,SP98,0,0,0,0.0,No,0,0.4757575757575757,33.76
12.9,5.7,35,21.929521,9,SP98,0,0,0,0.0,No,0,0.3685714285714286,44.19
6.4,4.4,37,21.929521,10,SP98,0,0,0,0.0,No,0,0.1729729729729729,68.75
5.3,4.1,34,21.929521,9,SP98,0,0,0,0.0,No,0,0.1558823529411764,77.36
26.2,5.8,71,21.0,8,SP98,1,1,0,0.0,No,0,0.3690140845070422,22.14
18.8,5.0,62,21.929521,9,SP98,0,1,0,0.0,No,0,0.3032258064516129,26.6
12.4,5.4,18,21.0,11,SP98,1,1,0,0.0,No,0,0.6888888888888889,43.55
22.9,5.3,45,20.5,7,SP98,0,0,0,0.0,No,0,0.5088888888888888,23.14
11.8,4.7,36,21.0,4,SP98,0,0,0,0.0,No,0,0.3277777777777778,39.83
16.6,5.1,56,21.0,7,SP98,0,0,0,0.0,No,0,0.2964285714285714,30.72
12.4,5.7,37,21.0,7,SP98,0,0,0,0.0,No,0,0.3351351351351351,45.97
15.9,5.4,25,21.0,7,SP98,0,0,0,0.0,No,0,0.636,33.96
22.4,4.9,66,20.5,7,SP98,0,0,0,0.0,No,0,0.3393939393939393,21.88
11.8,5.1,26,23.0,4,SP98,0,1,0,0.0,No,0,0.4538461538461539,43.22
22.9,6.0,42,23.0,4,SP98,0,1,0,0.0,No,0,0.5452380952380952,26.2
12.4,4.6,38,23.0,1,SP98,0,1,0,0.0,No,1,0.3263157894736842,37.1
12.9,5.8,40,23.0,4,SP98,0,0,0,0.0,No,0,0.3225,44.96
11.8,5.1,43,23.0,0,SP98,0,0,0,0.0,No,0,0.2744186046511628,43.22
12.2,5.8,58,23.0,2,SP98,0,0,0,0.0,No,0,0.2103448275862068,47.54
24.8,4.6,55,23.0,3,SP98,0,0,0,0.0,No,0,0.4509090909090909,18.55
14.2,5.6,24,23.0,8,SP98,0,0,0,0.0,No,0,0.5916666666666667,39.44
11.8,4.6,38,23.0,0,SP98,0,1,0,0.0,No,1,0.3105263157894737,38.98
12.2,6.3,57,23.0,0,SP98,0,1,0,0.0,No,1,0.2140350877192982,51.64
24.7,5.5,56,25.0,1,SP98,0,0,0,0.0,No,0,0.4410714285714285,22.27
6.8,4.3,46,24.0,2,SP98,0,0,0,0.0,No,0,0.1478260869565217,63.24
17.3,5.6,37,21.5,1,SP98,0,0,0,0.0,No,0,0.4675675675675675,32.37
11.8,4.3,44,21.5,-3,SP98,0,0,0,0.0,No,0,0.2681818181818182,36.44
15.9,5.7,46,21.5,5,SP98,0,0,0,0.0,No,0,0.3456521739130435,35.85
16.1,4.5,33,21.5,6,SP98,0,0,0,0.0,No,0,0.4878787878787879,27.95
11.8,4.5,43,21.5,3,SP98,0,0,0,0.0,No,0,0.2744186046511628,38.14
17.4,5.1,30,21.5,5,SP98,0,0,0,0.0,No,0,0.58,29.31
23.5,6.0,25,21.5,5,SP98,0,1,0,0.0,No,0,0.94,25.53
11.8,4.5,38,21.5,5,SP98,0,1,0,0.0,No,0,0.3105263157894737,38.14
12.3,6.1,61,21.5,10,SP98,0,1,0,0.0,No,0,0.2016393442622951,49.59
16.1,5.4,24,21.5,7,E10,0,1,0,38.0,E10,0,0.6708333333333334,33.54
11.8,4.3,40,21.5,10,E10,0,1,0,0.0,No,0,0.295,36.44
12.3,5.4,58,21.5,13,E10,0,0,0,0.0,No,0,0.2120689655172414,43.9
12.4,4.3,49,21.5,17,E10,0,0,0,0.0,No,0,0.2530612244897959,34.68
7.0,5.2,25,21.5,17,E10,0,0,0,0.0,No,0,0.28,74.29
11.8,4.1,37,21.5,10,E10,0,0,0,0.0,No,0,0.3189189189189189,34.75
20.1,4.4,41,21.5,18,E10,0,0,0,0.0,No,0,0.4902439024390244,21.89
20.8,4.5,45,21.5,10,E10,0,0,0,0.0,No,0,0.4622222222222222,21.63
16.8,4.0,46,21.5,8,E10,0,0,0,0.0,No,0,0.3652173913043478,23.81
9.9,5.0,28,21.5,9,E10,0,0,0,0.0,No,0,0.3535714285714286,50.51
22.9,4.6,61,21.5,7,E10,0,1,0,0.0,No,0,0.3754098360655737,20.09
17.3,5.0,61,21.5,6,E10,1,1,0,0.0,No,0,0.2836065573770492,28.9
11.8,4.3,37,21.5,7,E10,0,0,0,0.0,No,0,0.3189189189189189,36.44
11.8,4.2,34,21.5,9,E10,0,1,0,0.0,No,0,0.3470588235294118,35.59
21.6,5.3,44,21.5,9,E10,0,1,0,0.0,No,0,0.4909090909090909,24.54
26.6,4.8,38,21.5,7,E10,0,0,0,0.0,No,0,0.7000000000000001,18.05
18.9,4.4,53,21.5,2,E10,0,0,0,0.0,No,0,0.3566037735849056,23.28
16.4,4.8,49,21.5,5,E10,0,0,0,0.0,No,0,0.3346938775510203,29.27
12.3,6.1,40,21.5,6,E10,0,0,0,0.0,No,0,0.3075,49.59
21.1,4.6,36,21.5,8,E10,0,0,0,0.0,No,0,0.5861111111111111,21.8
21.1,4.8,43,21.5,7,E10,0,0,0,0.0,No,0,0.4906976744186047,22.75
22.7,4.7,55,21.5,6,E10,0,0,0,0.0,No,0,0.4127272727272727,20.7
11.8,4.9,44,21.5,0,E10,0,0,0,0.0,No,0,0.2681818181818182,41.53
26.2,4.9,42,21.5,6,E10,0,0,0,0.0,No,0,0.6238095238095238,18.7
12.4,5.3,38,21.0,-5,E10,0,0,0,0.0,No,0,0.3263157894736842,42.74
14.1,5.3,47,21.0,-3,E10,0,0,0,0.0,No,0,0.3,37.59
16.2,5.2,29,21.0,0,E10,0,0,0,0.0,No,0,0.5586206896551724,32.1
12.3,4.9,50,22.5,0,E10,0,0,0,0.0,No,0,0.246,39.84
12.3,7.1,52,22.5,0,E10,1,1,0,0.0,No,1,0.2365384615384615,57.72
12.4,5.2,51,22.5,1,E10,0,0,0,0.0,No,0,0.2431372549019607,41.94
12.3,5.1,55,22.5,8,E10,0,0,0,0.0,No,0,0.2236363636363636,41.46
12.3,4.8,41,22.5,7,E10,0,0,0,0.0,No,0,0.3,39.02
12.1,4.2,43,22.0,4,SP98,0,0,0,39.0,SP98,0,0.2813953488372093,34.71
11.8,4.5,41,21.5,13,SP98,0,0,0,0.0,No,0,0.2878048780487805,38.14
28.2,4.6,54,21.5,14,SP98,0,0,0,0.0,No,0,0.5222222222222223,16.31
6.1,5.6,24,21.5,13,SP98,0,0,0,0.0,No,0,0.2541666666666666,91.8
19.6,4.9,43,21.5,13,SP98,0,0,0,0.0,No,0,0.4558139534883721,25.0
22.2,3.8,42,21.929521,15,SP98,0,0,0,0.0,No,0,0.5285714285714286,17.12
13.6,4.5,44,19.0,18,SP98,0,0,0,0.0,No,0,0.3090909090909091,33.09
12.6,4.1,33,21.929521,17,SP98,0,0,0,0.0,No,0,0.3818181818181818,32.54
8.7,5.3,28,22.5,12,SP98,1,1,0,0.0,No,0,0.3107142857142856,60.92
7.9,4.7,31,22.5,12,SP98,1,0,0,0.0,No,0,0.2548387096774193,59.49
18.1,3.6,36,20.0,19,SP98,0,0,0,0.0,No,0,0.5027777777777778,19.89
25.9,3.7,39,20.0,21,SP98,0,0,0,0.0,No,0,0.6641025641025641,14.29
14.1,5.0,22,20.0,12,SP98,0,0,0,0.0,No,0,0.6409090909090909,35.46
13.4,5.5,31,20.0,9,SP98,0,0,0,0.0,No,0,0.432258064516129,41.04
6.4,4.7,33,20.0,8,SP98,0,0,0,0.0,No,0,0.1939393939393939,73.44
12.9,4.5,42,20.0,13,SP98,0,0,0,0.0,No,0,0.3071428571428571,34.88
12.1,4.4,33,22.5,5,SP98,0,0,0,0.0,No,0,0.3666666666666666,36.36
15.7,4.1,32,22.5,13,SP98,0,0,0,0.0,No,0,0.490625,26.11
16.2,4.4,26,22.5,11,SP98,0,0,0,0.0,No,0,0.6230769230769231,27.16
12.8,4.6,22,22.5,12,SP98,0,0,0,0.0,No,0,0.5818181818181819,35.94
19.0,4.4,58,22.5,17,SP98,0,0,1,0.0,No,0,0.3275862068965517,23.16
29.0,4.0,27,22.5,12,SP98,0,0,0,0.0,No,0,1.0740740740740742,13.79
12.1,5.0,32,22.5,9,SP98,0,0,0,0.0,No,0,0.378125,41.32
12.3,5.2,55,22.5,10,SP98,0,0,0,0.0,No,0,0.2236363636363636,42.28
24.8,4.0,56,22.5,11,SP98,0,0,0,0.0,No,0,0.4428571428571429,16.13
12.9,5.1,34,22.5,8,SP98,0,1,0,0.0,No,0,0.3794117647058823,39.53
11.8,4.5,39,22.5,3,SP98,0,0,0,0.0,No,0,0.3025641025641026,38.14
19.0,5.1,53,22.5,4,SP98,0,1,0,0.0,No,0,0.3584905660377358,26.84
13.0,5.7,38,22.5,3,SP98,1,1,0,0.0,No,0,0.3421052631578947,43.85
11.8,4.8,42,22.5,2,SP98,0,0,0,0.0,No,0,0.2809523809523809,40.68
13.0,6.2,32,22.5,4,SP98,0,0,0,0.0,No,0,0.40625,47.69
11.8,5.0,43,22.5,1,SP98,0,0,0,0.0,No,0,0.2744186046511628,42.37
27.1,5.0,69,22.5,8,SP98,0,0,0,0.0,No,0,0.3927536231884058,18.45
5.2,4.6,38,22.5,8,SP98,0,0,0,0.0,No,0,0.1368421052631579,88.46
19.0,4.5,29,22.5,10,E10,0,0,0,39.0,E10,0,0.6551724137931034,23.68
12.4,4.8,38,22.5,1,E10,0,0,0,0.0,No,0,0.3263157894736842,38.71
25.2,5.0,55,22.5,9,E10,0,0,0,0.0,No,0,0.4581818181818182,19.84
14.3,4.8,36,22.5,10,E10,0,0,0,0.0,No,0,0.3972222222222222,33.57
11.8,4.6,40,22.5,2,E10,0,0,0,0.0,No,0,0.295,38.98
16.9,4.5,48,22.5,9,E10,0,0,1,0.0,No,0,0.3520833333333333,26.63
12.4,4.6,55,22.5,11,E10,0,0,1,0.0,No,0,0.2254545454545454,37.1
17.4,4.4,36,22.5,12,E10,0,0,1,0.0,No,0,0.4833333333333333,25.29
9.2,5.7,33,22.5,8,E10,0,1,0,0.0,No,0,0.2787878787878787,61.96
12.3,5.8,54,22.5,10,E10,0,1,0,0.0,No,0,0.2277777777777778,47.15
13.0,5.9,32,22.5,10,E10,0,0,0,0.0,No,0,0.40625,45.38
11.8,6.1,16,22.5,6,E10,0,1,0,0.0,No,0,0.7375,51.69
13.0,5.7,37,22.5,11,E10,0,1,0,0.0,No,0,0.3513513513513513,43.85
12.3,5.0,42,22.5,10,E10,0,0,0,0.0,No,0,0.2928571428571428,40.65
12.3,5.2,57,22.5,15,E10,0,0,1,0.0,No,0,0.2157894736842105,42.28
12.5,4.3,57,22.5,16,E10,0,0,1,0.0,No,0,0.219298245614035,34.4
11.8,4.4,42,22.5,8,E10,0,0,0,0.0,No,0,0.2809523809523809,37.29
24.9,4.5,53,22.5,14,E10,0,0,0,0.0,No,0,0.4698113207547169,18.07
17.0,3.9,46,22.5,14,E10,0,0,1,0.0,No,0,0.3695652173913043,22.94
11.8,4.4,33,22.5,8,E10,0,0,0,0.0,No,0,0.3575757575757576,37.29
7.4,5.0,31,22.5,12,E10,0,0,0,0.0,No,0,0.2387096774193548,67.57
12.4,4.7,55,22.5,14,E10,0,0,1,0.0,No,0,0.2254545454545454,37.9
14.0,5.0,41,22.5,8,E10,0,0,0,0.0,No,0,0.3414634146341463,35.71
25.7,5.0,45,22.5,7,E10,0,0,0,0.0,No,0,0.5711111111111111,19.46
24.5,3.9,50,21.929521,15,E10,0,0,1,0.0,No,0,0.49,15.92
11.8,4.5,28,22.5,12,E10,0,0,0,0.0,No,0,0.4214285714285714,38.14
4.2,3.9,29,22.0,18,E10,0,0,1,0.0,No,0,0.1448275862068965,92.86
16.0,4.0,40,22.0,10,E10,0,0,0,0.0,No,0,0.4,25.0
22.9,4.0,29,21.929521,21,E10,0,0,0,0.0,No,0,0.789655172413793,17.47
16.0,3.8,42,21.929521,8,E10,0,0,0,0.0,No,0,0.3809523809523809,23.75
15.4,4.5,50,22.0,14,E10,0,0,0,0.0,No,0,0.308,29.22
16.0,3.8,41,22.0,12,E10,0,0,0,0.0,No,0,0.3902439024390244,23.75
25.7,4.9,50,22.0,10,SP98,0,1,0,41.0,SP98,0,0.514,19.07
16.0,4.1,40,22.0,10,SP98,0,0,0,0.0,No,0,0.4,25.62
16.1,4.5,32,22.0,19,SP98,0,0,0,0.0,No,0,0.503125,27.95
16.0,4.4,40,22.0,7,SP98,1,1,0,0.0,No,0,0.4,27.5
16.0,4.5,41,22.0,11,SP98,0,0,0,0.0,No,0,0.3902439024390244,28.12
24.7,4.5,26,22.0,10,SP98,0,0,0,0.0,No,0,0.95,18.22
16.0,3.9,42,22.0,8,SP98,0,0,0,0.0,No,0,0.3809523809523809,24.38
15.4,4.6,43,22.0,16,SP98,0,0,0,0.0,No,0,0.3581395348837209,29.87
16.0,3.8,40,22.0,8,SP98,0,0,0,0.0,No,0,0.4,23.75
25.9,4.4,40,22.0,14,SP98,0,0,0,0.0,No,0,0.6475,16.99
28.8,3.9,35,22.0,15,SP98,0,0,1,0.0,No,0,0.8228571428571428,13.54
6.7,5.0,30,22.0,17,SP98,0,0,0,0.0,No,0,0.2233333333333333,74.63
7.4,4.1,25,22.0,18,SP98,0,0,1,0.0,No,0,0.296,55.41
17.3,4.1,22,22.0,25,SP98,0,0,1,0.0,No,0,0.7863636363636364,23.7
6.6,5.6,43,22.0,16,SP98,0,0,0,0.0,No,0,0.1534883720930232,84.85
14.3,4.1,26,22.0,20,SP98,0,0,0,0.0,No,0,0.55,28.67
13.3,4.6,33,22.0,18,SP98,0,0,0,0.0,No,0,0.403030303030303,34.59
8.3,4.9,26,22.0,23,SP98,0,0,0,0.0,No,0,0.3192307692307692,59.04
12.7,4.5,39,22.0,27,SP98,0,0,1,0.0,No,0,0.3256410256410256,35.43
16.5,4.1,47,22.0,14,SP98,0,0,0,0.0,No,0,0.351063829787234,24.85
20.6,4.1,38,22.0,21,SP98,0,0,0,0.0,No,0,0.5421052631578948,19.9
16.3,4.5,58,22.0,16,SP98,0,0,0,0.0,No,0,0.2810344827586207,27.61
18.7,4.2,65,25.0,18,SP98,1,0,1,0.0,No,0,0.2876923076923077,22.46
19.0,5.0,35,22.0,15,SP98,1,0,1,0.0,No,0,0.5428571428571428,26.32
16.6,4.4,46,22.0,5,SP98,1,0,0,0.0,No,0,0.3608695652173913,26.51
29.9,4.5,32,22.0,18,SP98,1,0,0,0.0,No,0,0.934375,15.05
16.0,3.8,42,22.0,11,SP98,0,0,0,0.0,No,0,0.3809523809523809,23.75
21.1,5.1,33,22.0,10,SP98,0,1,0,0.0,No,0,0.6393939393939394,24.17
16.0,3.9,40,22.0,10,SP98,0,0,0,0.0,No,0,0.4,24.38
11.9,5.3,34,22.0,13,SP98,0,0,0,0.0,No,0,0.35,44.54
10.1,4.2,35,22.0,16,SP98,0,0,0,0.0,No,0,0.2885714285714285,41.58
18.7,4.0,60,22.0,13,SP98,0,0,0,0.0,No,0,0.3116666666666666,21.39
10.8,4.7,48,22.0,17,SP98,0,0,1,0.0,No,0,0.225,43.52
19.8,4.0,56,22.0,17,SP98,0,0,1,0.0,No,0,0.3535714285714286,20.2
11.3,4.3,38,22.0,17,SP98,0,0,0,37.0,SP98,0,0.2973684210526316,38.05
11.5,5.3,53,22.0,15,SP98,0,0,0,0.0,No,0,0.2169811320754717,46.09
21.4,5.2,51,22.0,13,SP98,0,0,0,0.0,No,0,0.4196078431372548,24.3
25.5,3.6,27,22.0,27,SP98,0,0,1,0.0,No,0,0.9444444444444444,14.12
16.6,4.2,52,22.0,15,SP98,0,1,0,0.0,No,0,0.3192307692307692,25.3
25.9,4.1,43,22.0,24,SP98,0,0,0,0.0,No,0,0.6023255813953488,15.83
16.5,4.0,48,22.0,15,SP98,0,0,0,0.0,No,0,0.34375,24.24
22.1,3.9,29,22.0,26,SP98,0,0,0,0.0,No,0,0.7620689655172415,17.65
16.6,3.7,49,22.0,17,E10,0,0,0,37.7,E10,0,0.3387755102040816,22.29
15.4,4.5,43,22.0,24,E10,0,0,0,0.0,No,0,0.3581395348837209,29.22
16.5,3.9,43,22.0,17,E10,0,0,0,0.0,No,0,0.3837209302325581,23.64
15.4,5.1,21,22.0,24,E10,0,0,0,0.0,No,0,0.7333333333333334,33.12
18.4,4.2,59,22.0,24,E10,0,0,0,0.0,No,0,0.311864406779661,22.83
21.5,4.8,47,25.0,27,E10,1,0,1,0.0,No,0,0.4574468085106383,22.33
4.8,4.7,26,25.0,18,E10,0,0,0,0.0,No,0,0.1846153846153846,97.92
16.6,3.8,43,21.5,16,E10,0,0,0,0.0,No,0,0.386046511627907,22.89
15.4,4.2,50,21.5,21,E10,0,0,0,0.0,No,0,0.308,27.27
16.0,3.7,45,22.0,17,E10,0,0,0,0.0,No,0,0.3555555555555555,23.12
16.0,4.2,41,22.0,15,E10,0,0,0,0.0,No,0,0.3902439024390244,26.25
15.4,4.1,45,22.0,24,E10,0,0,0,0.0,No,0,0.3422222222222222,26.62
16.0,4.0,43,22.0,16,E10,0,0,0,0.0,No,0,0.3720930232558139,25.0
21.0,3.8,37,22.0,21,E10,0,0,0,0.0,No,0,0.5675675675675675,18.1
15.4,3.8,47,22.0,24,E10,0,0,0,0.0,No,0,0.3276595744680851,24.68
16.0,3.8,42,22.0,17,E10,0,0,0,0.0,No,0,0.3809523809523809,23.75
16.1,5.1,30,25.0,16,E10,1,1,0,0.0,No,0,0.5366666666666667,31.68
16.0,4.0,42,22.0,15,E10,0,0,0,0.0,No,0,0.3809523809523809,25.0
15.4,4.8,40,22.0,18,E10,0,0,0,0.0,No,0,0.385,31.17
17.2,3.9,35,22.0,16,E10,0,0,0,0.0,No,0,0.4914285714285714,22.67
16.6,4.6,50,22.0,25,E10,0,0,0,0.0,No,0,0.332,27.71
18.3,4.3,46,22.0,16,SP98,0,0,0,37.2,SP98,0,0.3978260869565218,23.5
16.1,4.8,36,22.0,18,SP98,0,1,0,0.0,No,0,0.4472222222222222,29.81
16.0,4.1,46,22.0,17,SP98,0,0,0,0.0,No,0,0.3478260869565217,25.62
16.3,4.0,35,22.0,23,SP98,0,0,0,0.0,No,0,0.4657142857142857,24.54
16.0,3.7,44,22.0,16,SP98,0,0,0,0.0,No,0,0.3636363636363636,23.12
18.3,4.3,46,22.0,23,SP98,0,0,0,0.0,No,0,0.3978260869565218,23.5
17.0,4.2,48,22.0,16,SP98,0,0,0,0.0,No,0,0.3541666666666667,24.71
6.1,5.0,35,24.5,18,SP98,0,0,0,0.0,No,0,0.1742857142857142,81.97
6.1,5.0,33,22.0,24,SP98,0,0,1,0.0,No,0,0.1848484848484848,81.97
17.3,4.2,36,22.0,22,SP98,0,0,0,0.0,No,0,0.4805555555555555,24.28
6.0,4.8,27,22.0,17,SP98,0,0,0,0.0,No,0,0.2222222222222222,80.0
16.0,4.1,45,22.0,15,SP98,0,0,0,0.0,No,0,0.3555555555555555,25.62
15.4,4.9,55,22.0,18,SP98,0,0,0,0.0,No,0,0.28,31.82
15.4,4.3,39,22.0,23,SP98,0,0,0,0.0,No,0,0.3948717948717948,27.92
16.0,3.9,35,22.0,18,SP98,0,0,0,0.0,No,0,0.4571428571428571,24.38
15.4,4.5,52,22.0,26,SP98,0,0,0,0.0,No,0,0.2961538461538461,29.22
16.6,4.1,48,25.5,30,SP98,1,0,1,0.0,No,0,0.3458333333333334,24.7
15.4,5.0,48,25.5,31,SP98,1,0,0,0.0,No,0,0.3208333333333333,32.47
16.0,4.0,43,22.0,21,SP98,1,0,0,0.0,No,0,0.3720930232558139,25.0
15.4,4.5,42,22.0,30,SP98,0,0,0,0.0,No,0,0.3666666666666667,29.22
16.0,3.6,43,22.0,19,SP98,0,0,0,0.0,No,0,0.3720930232558139,22.5
20.9,4.1,33,22.0,21,SP98,0,0,0,0.0,No,0,0.6333333333333333,19.62
15.3,6.6,16,24.0,27,SP98,1,0,0,0.0,No,0,0.95625,43.14
28.5,4.0,44,25.0,23,SP98,1,0,0,0.0,No,0,0.6477272727272727,14.04
11.9,3.7,33,25.0,19,SP98,0,0,0,0.0,No,0,0.3606060606060606,31.09
14.5,4.3,36,25.0,22,SP98,0,0,0,0.0,No,0,0.4027777777777778,29.66
16.6,4.1,49,22.0,26,SP98,0,0,1,0.0,No,0,0.3387755102040816,24.7
16.2,4.4,39,24.5,17,SP98,1,0,0,0.0,No,0,0.4153846153846153,27.16
16.7,3.8,44,24.5,23,SP98,0,0,1,0.0,No,0,0.3795454545454545,22.75
8.3,5.0,52,24.5,27,SP98,0,0,0,0.0,No,0,0.1596153846153846,60.24
5.5,3.7,33,24.5,28,SP98,0,0,1,0.0,No,0,0.1666666666666666,67.27
13.6,3.7,33,24.5,28,SP98,0,0,1,0.0,No,0,0.4121212121212121,27.21
16.0,3.7,39,24.5,18,SP98,0,0,0,0.0,No,0,0.4102564102564102,23.12
16.1,4.3,38,25.0,31,SP98,1,0,0,0.0,No,0,0.4236842105263158,26.71
16.0,3.8,45,25.0,19,SP98,0,0,0,0.0,No,0,0.3555555555555555,23.75
15.4,4.6,42,25.0,31,SP98,1,0,0,0.0,No,0,0.3666666666666667,29.87
14.7,5.0,25,25.0,30,SP98,1,0,0,0.0,No,0,0.588,34.01
