distance,consume,speed,temp_inside,temp_outside,gas_type,ac,rain,sun,km_total,consume_liter_total,price_per_travel
28.0,5.0,26,21.5,12,0,0,0,0,28.0,1.4000000000000001,6.8999999999999995
12.0,4.2,30,21.5,13,0,0,0,0,40.0,0.504,5.795999999999999
11.2,5.5,38,21.5,15,0,0,0,0,51.2,0.616,7.59
12.9,3.9,36,21.5,14,0,0,0,0,64.10000000000001,0.5031,5.382
18.5,4.5,46,21.5,15,0,0,0,0,82.60000000000001,0.8325,6.209999999999999
8.3,6.4,50,21.5,10,0,0,0,0,90.9,0.5312,8.831999999999999
7.8,4.4,43,21.5,11,0,0,0,0,98.7,0.3432,6.072
12.3,5.0,40,21.5,6,0,0,0,0,111.0,0.6150000000000001,6.8999999999999995
4.9,6.4,26,21.5,4,0,0,0,0,115.9,0.31360000000000005,8.831999999999999
11.9,5.3,30,21.5,9,0,0,0,0,127.80000000000001,0.6307,7.313999999999999
12.4,5.6,42,21.5,4,0,0,0,0,140.20000000000002,0.6943999999999999,7.727999999999999
11.8,4.6,38,21.5,0,0,0,0,0,152.00000000000003,0.5428000000000001,6.347999999999999
12.3,5.9,59,21.5,10,0,0,0,0,164.30000000000004,0.7257000000000001,8.142
24.7,5.1,58,21.5,12,0,0,0,0,189.00000000000003,1.2596999999999998,7.037999999999999
12.4,4.7,46,21.5,11,0,0,0,0,201.40000000000003,0.5828,6.486
17.3,5.1,24,21.5,5,0,0,0,0,218.70000000000005,0.8823,7.037999999999999
33.4,5.6,36,21.5,3,0,0,0,0,252.10000000000005,1.8703999999999996,7.727999999999999
11.8,5.1,32,21.5,3,0,0,0,0,263.90000000000003,0.6018,7.037999999999999
25.9,4.9,39,21.5,8,0,0,0,0,289.8,1.2691,6.762
11.8,4.7,40,21.5,4,0,0,0,0,301.6,0.5546,6.486
25.3,5.5,32,21.5,3,0,0,0,0,326.90000000000003,1.3915,7.59
14.2,5.9,38,21.5,1,0,0,0,0,341.1,0.8378,8.142
17.9,5.7,37,21.5,1,0,0,0,0,359.0,1.0203,7.866
11.8,4.7,36,21.5,1,0,0,0,0,370.8,0.5546,6.486
12.3,5.9,62,21.5,6,0,0,0,0,383.1,0.7257000000000001,8.142
12.4,4.1,57,21.5,9,0,0,0,0,395.5,0.5084,5.6579999999999995
18.4,5.7,21,22.5,2,0,0,0,0,413.9,1.0488,7.866
18.4,5.8,28,21.5,3,0,0,0,0,432.29999999999995,1.0672,8.004
18.3,5.5,29,21.5,1,0,0,0,0,450.59999999999997,1.0065,7.59
18.4,5.7,35,21.5,4,0,0,0,0,468.99999999999994,1.0488,7.866
12.3,5.3,51,21.5,11,0,0,0,0,481.29999999999995,0.6519,7.313999999999999
11.8,5.0,29,21.5,10,0,0,0,0,493.09999999999997,0.5900000000000001,6.8999999999999995
12.3,5.6,58,21.5,8,0,0,0,0,505.4,0.6888,7.727999999999999
32.6,4.8,40,21.5,7,0,0,0,0,538.0,1.5648000000000002,6.624
19.0,4.3,36,21.5,7,0,0,0,0,557.0,0.817,5.933999999999999
12.1,5.7,36,21.5,8,0,0,0,0,569.1,0.6897,7.866
20.0,5.2,37,21.5,4,0,0,0,0,589.1,1.04,7.175999999999999
4.9,7.4,26,21.5,6,0,0,0,0,594.0,0.3626000000000001,10.212
11.8,4.8,23,21.5,9,0,0,0,0,605.8,0.5664,6.624
12.3,6.5,58,21.5,7,0,0,0,0,618.0999999999999,0.7995000000000001,8.969999999999999
12.4,4.0,55,21.5,7,0,1,1,0,630.4999999999999,0.49600000000000005,5.52
4.5,5.0,29,21.5,7,0,1,0,0,634.9999999999999,0.225,6.8999999999999995
11.7,4.6,37,21.5,6,0,0,0,0,646.6999999999999,0.5382,6.347999999999999
10.2,4.3,44,21.5,7,0,0,0,0,656.9,0.43859999999999993,5.933999999999999
5.4,3.3,32,21.5,7,1,0,0,0,662.3,0.17820000000000003,4.818
2.0,9.9,21,21.5,4,1,0,0,0,664.3,0.198,14.454
14.2,5.1,32,21.5,7,1,0,0,0,678.5,0.7242,7.446
16.0,4.9,25,21.5,8,1,0,0,0,694.5,0.784,7.154
11.8,4.9,25,21.5,11,1,0,0,0,706.3,0.5782,7.154
27.3,4.7,36,21.5,10,1,0,0,0,733.5999999999999,1.2831000000000001,6.862
11.8,5.1,29,21.5,5,1,0,1,0,745.3999999999999,0.6018,7.446
10.6,4.9,63,21.5,6,1,0,0,0,755.9999999999999,0.5194,7.154
11.6,4.2,61,21.5,7,1,0,0,0,767.5999999999999,0.4872,6.132
13.1,6.1,46,21.5,6,1,0,1,0,780.6999999999999,0.7990999999999999,8.905999999999999
6.1,6.4,28,21.5,8,1,0,0,0,786.8,0.39039999999999997,9.344
153.5,4.9,82,21.5,3,1,0,1,0,940.3,7.5215000000000005,7.154
11.8,4.9,24,21.5,7,1,0,0,0,952.0999999999999,0.5782,7.154
12.3,6.2,61,21.5,8,1,0,0,0,964.3999999999999,0.7626000000000001,9.052
12.4,4.2,57,21.5,8,1,0,0,0,976.7999999999998,0.5208,6.132
12.3,5.7,52,21.5,8,1,0,1,0,989.0999999999998,0.7011000000000001,8.322
2.9,7.9,18,21.5,9,1,1,1,0,991.9999999999998,0.2291,11.534
2.1,12.2,23,21.5,9,1,1,1,0,994.0999999999998,0.2562,17.811999999999998
9.8,5.8,24,21.5,6,1,0,0,0,1003.8999999999997,0.5684,8.468
6.8,5.3,26,21.5,6,1,0,0,0,1010.6999999999997,0.3604,7.7379999999999995
12.4,5.4,24,21.5,7,1,0,0,0,1023.0999999999997,0.6696000000000001,7.884
12.4,4.7,57,21.5,8,1,0,0,0,1035.4999999999998,0.5828,6.862
11.8,4.6,41,21.5,6,1,0,0,0,1047.2999999999997,0.5428000000000001,6.715999999999999
12.3,5.4,55,21.5,8,1,0,0,0,1059.5999999999997,0.6642000000000001,7.884
14.0,4.3,40,21.5,8,1,0,0,0,1073.5999999999997,0.602,6.278
11.8,4.5,37,21.5,4,1,1,0,0,1085.3999999999996,0.531,6.57
12.3,5.2,55,21.5,12,1,0,0,0,1097.6999999999996,0.6396000000000001,7.592
2.0,6.2,20,21.5,10,1,0,0,0,1099.6999999999996,0.124,9.052
13.9,5.1,29,21.5,6,1,0,0,0,1113.5999999999997,0.7089,7.446
9.7,3.9,42,21.5,8,1,0,0,0,1123.2999999999997,0.37829999999999997,5.694
11.6,5.0,25,21.5,6,1,0,0,0,1134.8999999999996,0.58,7.3
14.2,5.4,38,21.5,7,1,0,0,0,1149.0999999999997,0.7668,7.884
11.8,4.5,39,21.5,6,1,0,0,0,1160.8999999999996,0.531,6.57
24.8,5.1,50,21.5,9,1,0,0,0,1185.6999999999996,1.2648,7.446
12.4,4.7,56,21.5,7,1,0,0,0,1198.0999999999997,0.5828,6.862
34.8,4.0,28,20.0,4,1,0,0,0,1232.8999999999996,1.392,5.84
14.2,5.4,36,20.0,6,1,0,0,0,1247.0999999999997,0.7668,7.884
5.2,4.5,39,20.0,10,1,0,0,0,1252.2999999999997,0.23399999999999999,6.57
10.5,3.6,42,20.0,10,1,0,0,0,1262.7999999999997,0.37800000000000006,5.256
12.3,5.2,57,20.0,10,1,0,0,0,1275.0999999999997,0.6396000000000001,7.592
11.8,4.9,25,20.0,11,1,0,0,0,1286.8999999999996,0.5782,7.154
12.3,6.2,58,20.0,11,1,0,1,0,1299.1999999999996,0.7626000000000001,9.052
13.2,4.3,51,20.0,11,1,0,1,0,1312.3999999999996,0.5675999999999999,6.278
13.0,5.0,45,20.0,11,1,0,1,0,1325.3999999999996,0.65,7.3
12.9,5.1,32,20.0,11,1,0,0,0,1338.2999999999997,0.6578999999999999,7.446
13.9,5.6,22,20.0,8,1,0,0,0,1352.1999999999998,0.7784,8.176
11.8,4.3,37,20.0,6,1,0,0,0,1363.9999999999998,0.5074,6.278
12.2,5.8,60,20.0,11,1,0,0,0,1376.1999999999998,0.7075999999999999,8.468
12.5,4.0,51,20.0,13,1,0,0,0,1388.6999999999998,0.5,5.84
12.4,4.7,43,0.0,10,1,0,0,0,1401.1,0.5828,6.862
11.8,5.9,21,20.0,9,1,1,1,0,1412.8999999999999,0.6962,8.614
11.8,5.3,52,0.0,11,1,0,0,0,1424.6999999999998,0.6254000000000001,7.7379999999999995
12.5,4.2,57,20.0,11,1,0,0,0,1437.1999999999998,0.525,6.132
15.7,5.3,33,0.0,9,1,0,0,0,1452.8999999999999,0.8321,7.7379999999999995
12.9,5.7,35,0.0,9,1,0,0,0,1465.8,0.7353000000000001,8.322
6.4,4.4,37,0.0,10,1,0,0,0,1472.2,0.2816,6.424
5.3,4.1,34,0.0,9,1,0,0,0,1477.5,0.21729999999999997,5.986
26.2,5.8,71,21.0,8,1,1,1,0,1503.7,1.5195999999999998,8.468
18.8,5.0,62,0.0,9,1,0,1,0,1522.5,0.9400000000000001,7.3
4.9,6.9,25,21.0,12,1,0,1,0,1527.4,0.33810000000000007,10.074
12.4,5.4,18,21.0,11,1,1,1,0,1539.8000000000002,0.6696000000000001,7.884
22.9,5.3,45,20.5,7,1,0,0,0,1562.7000000000003,1.2137,7.7379999999999995
162.7,5.5,75,23.0,1,1,0,0,0,1725.4000000000003,8.9485,8.03
4.9,6.5,26,21.0,1,1,0,0,0,1730.3000000000004,0.31850000000000006,9.49
11.8,4.7,36,21.0,4,1,0,0,0,1742.1000000000004,0.5546,6.862
16.6,5.1,56,21.0,7,1,0,0,0,1758.7000000000003,0.8466,7.446
12.4,5.7,37,21.0,7,1,0,0,0,1771.1000000000004,0.7068000000000001,8.322
15.9,5.4,25,21.0,7,1,0,0,0,1787.0000000000005,0.8586000000000001,7.884
5.1,8.7,21,23.5,5,1,0,0,0,1792.1000000000004,0.44369999999999993,12.701999999999998
22.4,4.9,66,20.5,7,1,0,0,0,1814.5000000000005,1.0976,7.154
31.1,4.7,42,20.5,7,1,0,0,0,1845.6000000000004,1.4617,6.862
4.9,6.3,27,20.5,3,1,0,0,0,1850.5000000000005,0.30870000000000003,9.198
11.8,5.1,26,23.0,4,1,0,1,0,1862.3000000000004,0.6018,7.446
22.9,6.0,42,23.0,4,1,0,1,0,1885.2000000000005,1.3739999999999999,8.76
12.4,4.6,38,23.0,1,1,0,1,0,1897.6000000000006,0.5704,6.715999999999999
12.9,5.8,40,23.0,4,1,0,0,0,1910.5000000000007,0.7482,8.468
11.8,5.1,43,23.0,0,1,0,0,0,1922.3000000000006,0.6018,7.446
12.2,5.8,58,23.0,2,1,0,0,0,1934.5000000000007,0.7075999999999999,8.468
24.8,4.6,55,23.0,3,1,0,0,0,1959.3000000000006,1.1408,6.715999999999999
14.2,5.6,24,23.0,8,1,0,0,0,1973.5000000000007,0.7951999999999999,8.176
11.8,4.6,38,23.0,0,1,0,1,0,1985.3000000000006,0.5428000000000001,6.715999999999999
12.2,6.3,57,23.0,0,1,0,1,0,1997.5000000000007,0.7686,9.198
24.7,5.5,56,25.0,1,1,0,0,0,2022.2000000000007,1.3585,8.03
6.8,4.3,46,24.0,2,1,0,0,0,2029.0000000000007,0.2924,6.278
17.3,5.6,37,21.5,1,1,0,0,0,2046.3000000000006,0.9688,8.176
11.8,4.3,44,21.5,-3,1,0,0,0,2058.100000000001,0.5074,6.278
15.9,5.7,46,21.5,5,1,0,0,0,2074.000000000001,0.9063000000000001,8.322
5.1,6.4,39,21.5,4,1,0,0,0,2079.100000000001,0.32639999999999997,9.344
16.1,4.5,33,21.5,6,1,0,0,0,2095.2000000000007,0.7245,6.57
11.8,4.5,43,21.5,3,1,0,0,0,2107.000000000001,0.531,6.57
4.2,6.0,26,21.5,5,1,0,0,0,2111.2000000000007,0.252,8.76
17.4,5.1,30,21.5,5,1,0,0,0,2128.600000000001,0.8873999999999999,7.446
23.5,6.0,25,21.5,5,1,0,1,0,2152.100000000001,1.41,8.76
11.8,4.5,38,21.5,5,1,0,1,0,2163.900000000001,0.531,6.57
12.3,6.1,61,21.5,10,1,0,1,0,2176.200000000001,0.7503000000000001,8.905999999999999
16.1,5.4,24,21.5,7,0,0,1,0,2192.300000000001,0.8694000000000002,7.452
11.8,4.3,40,21.5,10,0,0,1,0,2204.1000000000013,0.5074,5.933999999999999
12.3,5.4,58,21.5,13,0,0,0,0,2216.4000000000015,0.6642000000000001,7.452
12.4,4.3,49,21.5,17,0,0,0,0,2228.8000000000015,0.5332,5.933999999999999
7.0,5.2,25,21.5,17,0,0,0,0,2235.8000000000015,0.36400000000000005,7.175999999999999
11.8,4.1,37,21.5,10,0,0,0,0,2247.6000000000017,0.48379999999999995,5.6579999999999995
20.1,4.4,41,21.5,18,0,0,0,0,2267.7000000000016,0.8844000000000002,6.072
20.8,4.5,45,21.5,10,0,0,0,0,2288.500000000002,0.9359999999999999,6.209999999999999
1.7,10.8,14,21.5,10,0,0,1,0,2290.2000000000016,0.1836,14.904
35.9,4.7,45,21.5,12,0,0,0,0,2326.1000000000017,1.6873,6.486
36.9,4.8,52,21.5,5,0,0,0,0,2363.000000000002,1.7711999999999999,6.624
16.8,4.0,46,21.5,8,0,0,0,0,2379.800000000002,0.672,5.52
9.9,5.0,28,21.5,9,0,0,0,0,2389.700000000002,0.49500000000000005,6.8999999999999995
22.9,4.6,61,21.5,7,0,0,1,0,2412.600000000002,1.0534,6.347999999999999
17.3,5.0,61,21.5,6,0,1,1,0,2429.9000000000024,0.8650000000000001,6.8999999999999995
11.8,4.3,37,21.5,7,0,0,0,0,2441.7000000000025,0.5074,5.933999999999999
36.6,5.2,80,21.5,7,0,0,1,0,2478.3000000000025,1.9032000000000002,7.175999999999999
44.9,4.7,62,21.5,8,0,0,0,0,2523.2000000000025,2.1103,6.486
11.8,4.2,34,21.5,9,0,0,1,0,2535.0000000000027,0.49560000000000004,5.795999999999999
21.6,5.3,44,21.5,9,0,0,1,0,2556.6000000000026,1.1448,7.313999999999999
39.4,5.3,60,21.5,9,0,0,1,0,2596.0000000000027,2.0882,7.313999999999999
5.1,8.1,39,21.5,4,0,0,0,0,2601.1000000000026,0.41309999999999997,11.177999999999999
26.6,4.8,38,21.5,7,0,0,0,0,2627.7000000000025,1.2768000000000002,6.624
53.2,5.1,71,21.5,2,0,0,0,0,2680.9000000000024,2.7132,7.037999999999999
18.9,4.4,53,21.5,2,0,0,0,0,2699.8000000000025,0.8316,6.072
43.5,5.0,80,21.5,3,0,0,0,0,2743.3000000000025,2.1750000000000003,6.8999999999999995
6.1,6.3,26,21.5,5,0,0,0,0,2749.4000000000024,0.3843,8.693999999999999
16.4,4.8,49,21.5,5,0,0,0,0,2765.8000000000025,0.7871999999999999,6.624
12.3,6.1,40,21.5,6,0,0,0,0,2778.1000000000026,0.7503000000000001,8.418
21.1,4.6,36,21.5,8,0,0,0,0,2799.2000000000025,0.9706,6.347999999999999
21.1,4.8,43,21.5,7,0,0,0,0,2820.3000000000025,1.0128000000000001,6.624
22.7,4.7,55,21.5,6,0,0,0,0,2843.0000000000023,1.0669,6.486
44.4,4.8,38,21.5,8,0,0,0,0,2887.4000000000024,2.1311999999999998,6.624
35.8,4.4,51,21.5,6,0,0,0,0,2923.2000000000025,1.5752,6.072
11.8,4.9,44,21.5,0,0,0,0,0,2935.0000000000027,0.5782,6.762
26.2,4.9,42,21.5,6,0,0,0,0,2961.2000000000025,1.2838,6.762
40.6,4.4,44,21.0,3,0,0,0,0,3001.8000000000025,1.7864000000000002,6.072
12.4,5.3,38,21.0,-5,0,0,0,0,3014.2000000000025,0.6572,7.313999999999999
14.1,5.3,47,21.0,-3,0,0,0,0,3028.3000000000025,0.7473,7.313999999999999
58.7,4.8,75,21.0,0,0,0,0,0,3087.0000000000023,2.8176,6.624
16.2,5.2,29,21.0,0,0,0,0,0,3103.200000000002,0.8424,7.175999999999999
12.3,4.9,50,22.5,0,0,0,0,0,3115.5000000000023,0.6027,6.762
12.3,7.1,52,22.5,0,0,1,1,0,3127.8000000000025,0.8733,9.797999999999998
12.4,5.2,51,22.5,1,0,0,0,0,3140.2000000000025,0.6448,7.175999999999999
31.8,4.7,59,22.5,3,0,0,0,0,3172.0000000000027,1.4946,6.486
12.3,5.1,55,22.5,8,0,0,0,0,3184.300000000003,0.6273,7.037999999999999
51.6,5.0,73,22.5,12,0,0,0,0,3235.900000000003,2.58,6.8999999999999995
38.6,4.6,44,22.5,10,0,0,0,0,3274.5000000000027,1.7756,6.347999999999999
12.3,4.8,41,22.5,7,0,0,0,0,3286.800000000003,0.5904,6.624
81.2,4.4,69,22.0,13,0,0,0,0,3368.0000000000027,3.5728000000000004,6.072
130.3,4.6,85,22.0,12,0,0,0,0,3498.300000000003,5.9938,6.347999999999999
67.2,4.3,67,22.0,18,0,0,0,0,3565.5000000000027,2.8895999999999997,5.933999999999999
43.7,4.7,44,22.0,9,1,0,1,0,3609.2000000000025,2.0539,6.862
12.1,4.2,43,22.0,4,1,0,0,0,3621.3000000000025,0.5082,6.132
56.1,4.8,82,22.0,13,1,0,0,0,3677.4000000000024,2.6928,7.008
39.0,4.1,61,22.0,16,1,0,0,0,3716.4000000000024,1.5989999999999998,5.986
11.8,4.5,41,21.5,13,1,0,0,0,3728.2000000000025,0.531,6.57
38.5,4.8,63,21.5,14,1,0,0,0,3766.7000000000025,1.848,7.008
28.2,4.6,54,21.5,14,1,0,0,0,3794.9000000000024,1.2972,6.715999999999999
2.9,7.4,24,21.5,14,1,0,0,0,3797.8000000000025,0.2146,10.804
6.1,5.6,24,21.5,13,1,0,0,0,3803.9000000000024,0.34159999999999996,8.176
19.6,4.9,43,21.5,13,1,0,0,0,3823.5000000000023,0.9604000000000001,7.154
22.2,3.8,42,0.0,15,1,0,0,0,3845.700000000002,0.8435999999999999,5.548
13.6,4.5,44,19.0,18,1,0,0,0,3859.300000000002,0.612,6.57
12.6,4.1,33,0.0,17,1,0,0,0,3871.900000000002,0.5166,5.986
8.7,5.3,28,22.5,12,1,1,1,0,3880.6000000000017,0.46109999999999995,7.7379999999999995
7.9,4.7,31,22.5,12,1,1,0,0,3888.500000000002,0.3713,6.862
2.4,9.0,26,20.0,10,1,0,0,0,3890.900000000002,0.216,13.14
4.9,6.3,26,20.0,10,1,0,0,0,3895.800000000002,0.30870000000000003,9.198
18.1,3.6,36,20.0,19,1,0,0,0,3913.900000000002,0.6516000000000002,5.256
25.9,3.7,39,20.0,21,1,0,0,0,3939.800000000002,0.9583,5.402
1.3,11.5,21,20.0,10,1,0,0,0,3941.100000000002,0.14950000000000002,16.79
14.1,5.0,22,20.0,12,1,0,0,0,3955.200000000002,0.7050000000000001,7.3
13.4,5.5,31,20.0,9,1,0,0,0,3968.600000000002,0.737,8.03
6.4,4.7,33,20.0,8,1,0,0,0,3975.0000000000023,0.3008,6.862
12.9,4.5,42,20.0,13,1,0,0,0,3987.9000000000024,0.5805,6.57
12.1,4.4,33,22.5,5,1,0,0,0,4000.0000000000023,0.5324,6.424
15.7,4.1,32,22.5,13,1,0,0,0,4015.700000000002,0.6436999999999999,5.986
16.2,4.4,26,22.5,11,1,0,0,0,4031.900000000002,0.7128,6.424
12.8,4.6,22,22.5,12,1,0,0,0,4044.700000000002,0.5888,6.715999999999999
19.0,4.4,58,22.5,17,1,0,0,1,4063.700000000002,0.8360000000000001,6.424
29.0,4.0,27,22.5,12,1,0,0,0,4092.700000000002,1.16,5.84
12.1,5.0,32,22.5,9,1,0,0,0,4104.800000000002,0.605,7.3
12.3,5.2,55,22.5,10,1,0,0,0,4117.100000000002,0.6396000000000001,7.592
24.8,4.0,56,22.5,11,1,0,0,0,4141.900000000002,0.9920000000000001,5.84
12.9,5.1,34,22.5,8,1,0,1,0,4154.800000000002,0.6578999999999999,7.446
11.8,4.5,39,22.5,3,1,0,0,0,4166.600000000002,0.531,6.57
31.4,4.6,62,22.5,11,1,0,0,0,4198.000000000002,1.4444,6.715999999999999
19.0,5.1,53,22.5,4,1,0,1,0,4217.000000000002,0.969,7.446
13.0,5.7,38,22.5,3,1,1,1,0,4230.000000000002,0.741,8.322
11.8,4.8,42,22.5,2,1,0,0,0,4241.800000000002,0.5664,7.008
13.0,6.2,32,22.5,4,1,0,0,0,4254.800000000002,0.806,9.052
11.8,5.0,43,22.5,1,1,0,0,0,4266.600000000002,0.5900000000000001,7.3
27.1,5.0,69,22.5,8,1,0,0,0,4293.700000000003,1.3550000000000002,7.3
5.2,4.6,38,22.5,8,1,0,0,0,4298.900000000002,0.2392,6.715999999999999
19.0,4.5,29,22.5,10,0,0,0,0,4317.900000000002,0.855,6.209999999999999
12.4,4.8,38,22.5,1,0,0,0,0,4330.300000000002,0.5952000000000001,6.624
25.2,5.0,55,22.5,9,0,0,0,0,4355.500000000002,1.26,6.8999999999999995
14.3,4.8,36,22.5,10,0,0,0,0,4369.800000000002,0.6864,6.624
11.8,4.6,40,22.5,2,0,0,0,0,4381.600000000002,0.5428000000000001,6.347999999999999
16.9,4.5,48,22.5,9,0,0,0,1,4398.500000000002,0.7605,6.209999999999999
12.4,4.6,55,22.5,11,0,0,0,1,4410.9000000000015,0.5704,6.347999999999999
17.4,4.4,36,22.5,12,0,0,0,1,4428.300000000001,0.7656000000000001,6.072
9.2,5.7,33,22.5,8,0,0,1,0,4437.500000000001,0.5244,7.866
12.3,5.8,54,22.5,10,0,0,1,0,4449.800000000001,0.7134,8.004
13.0,5.9,32,22.5,10,0,0,0,0,4462.800000000001,0.767,8.142
11.8,6.1,16,22.5,6,0,0,1,0,4474.600000000001,0.7198,8.418
13.0,5.7,37,22.5,11,0,0,1,0,4487.600000000001,0.741,7.866
12.3,5.0,42,22.5,10,0,0,0,0,4499.9000000000015,0.6150000000000001,6.8999999999999995
12.3,5.2,57,22.5,15,0,0,0,1,4512.200000000002,0.6396000000000001,7.175999999999999
12.5,4.3,57,22.5,16,0,0,0,1,4524.700000000002,0.5375,5.933999999999999
31.5,4.1,30,22.5,16,0,0,0,1,4556.200000000002,1.2914999999999999,5.6579999999999995
11.8,4.4,42,22.5,8,0,0,0,0,4568.000000000002,0.5192000000000001,6.072
24.9,4.5,53,22.5,14,0,0,0,0,4592.9000000000015,1.1204999999999998,6.209999999999999
17.0,3.9,46,22.5,14,0,0,0,1,4609.9000000000015,0.663,5.382
2.0,8.1,20,22.5,14,0,0,0,0,4611.9000000000015,0.162,11.177999999999999
11.8,4.4,33,22.5,8,0,0,0,0,4623.700000000002,0.5192000000000001,6.072
7.4,5.0,31,22.5,12,0,0,0,0,4631.100000000001,0.37000000000000005,6.8999999999999995
12.4,4.7,55,22.5,14,0,0,0,1,4643.500000000001,0.5828,6.486
2.0,6.0,22,22.5,14,0,0,0,0,4645.500000000001,0.12,8.28
14.0,5.0,41,22.5,8,0,0,0,0,4659.500000000001,0.7000000000000001,6.8999999999999995
25.7,5.0,45,22.5,7,0,0,0,0,4685.200000000001,1.2850000000000001,6.8999999999999995
24.5,3.9,50,0.0,15,0,0,0,1,4709.700000000001,0.9555,5.382
11.8,4.5,28,22.5,12,0,0,0,0,4721.500000000001,0.531,6.209999999999999
4.1,5.4,24,22.5,13,0,0,0,0,4725.600000000001,0.2214,7.452
4.2,5.6,29,22.0,17,0,0,0,0,4729.800000000001,0.2352,7.727999999999999
4.2,3.9,29,22.0,18,0,0,0,1,4734.000000000001,0.1638,5.382
16.0,4.0,40,22.0,10,0,0,0,0,4750.000000000001,0.64,5.52
22.9,4.0,29,0.0,21,0,0,0,0,4772.900000000001,0.9159999999999999,5.52
16.0,3.8,42,0.0,8,0,0,0,0,4788.900000000001,0.608,5.244
15.4,4.5,50,22.0,14,0,0,0,0,4804.3,0.693,6.209999999999999
16.0,3.8,41,22.0,12,0,0,0,0,4820.3,0.608,5.244
4.2,5.6,32,22.0,18,0,0,0,0,4824.5,0.2352,7.727999999999999
101.9,5.2,75,22.0,18,0,0,0,0,4926.4,5.298800000000001,7.175999999999999
93.9,4.8,88,23.0,18,0,1,0,1,5020.299999999999,4.5072,6.624
25.7,4.9,50,22.0,10,1,0,1,0,5045.999999999999,1.2593,7.154
16.0,4.1,40,22.0,10,1,0,0,0,5061.999999999999,0.6559999999999999,5.986
16.1,4.5,32,22.0,19,1,0,0,0,5078.099999999999,0.7245,6.57
16.0,4.4,40,22.0,7,1,1,1,0,5094.099999999999,0.7040000000000001,6.424
16.0,4.5,41,22.0,11,1,0,0,0,5110.099999999999,0.72,6.57
24.7,4.5,26,22.0,10,1,0,0,0,5134.799999999999,1.1115,6.57
16.0,3.9,42,22.0,8,1,0,0,0,5150.799999999999,0.624,5.694
15.4,4.6,43,22.0,16,1,0,0,0,5166.199999999999,0.7084,6.715999999999999
16.0,3.8,40,22.0,8,1,0,0,0,5182.199999999999,0.608,5.548
32.1,4.5,50,22.0,16,1,0,0,0,5214.299999999999,1.4445000000000001,6.57
25.9,4.4,40,22.0,14,1,0,0,0,5240.199999999999,1.1396,6.424
48.6,4.3,44,22.0,12,1,0,0,0,5288.799999999999,2.0898,6.278
37.2,4.0,45,22.0,20,1,0,0,1,5325.999999999999,1.4880000000000002,5.84
28.8,3.9,35,22.0,15,1,0,0,1,5354.799999999999,1.1232,5.694
6.7,5.0,30,22.0,17,1,0,0,0,5361.499999999999,0.335,7.3
7.4,4.1,25,22.0,18,1,0,0,1,5368.899999999999,0.3034,5.986
17.3,4.1,22,22.0,25,1,0,0,1,5386.199999999999,0.7092999999999999,5.986
6.6,5.6,43,22.0,16,1,0,0,0,5392.799999999999,0.36959999999999993,8.176
14.3,4.1,26,22.0,20,1,0,0,0,5407.099999999999,0.5862999999999999,5.986
13.3,4.6,33,22.0,18,1,0,0,0,5420.4,0.6118,6.715999999999999
8.3,4.9,26,22.0,23,1,0,0,0,5428.7,0.40670000000000006,7.154
12.7,4.5,39,22.0,27,1,0,0,1,5441.4,0.5714999999999999,6.57
16.5,4.1,47,22.0,14,1,0,0,0,5457.9,0.6764999999999999,5.986
20.6,4.1,38,22.0,21,1,0,0,0,5478.5,0.8445999999999999,5.986
16.3,4.5,58,22.0,16,1,0,0,0,5494.8,0.7335,6.57
18.7,4.2,65,25.0,18,1,1,0,1,5513.5,0.7854,6.132
36.5,3.9,54,23.0,18,1,0,0,1,5550.0,1.4235,5.694
19.0,5.0,35,22.0,15,1,1,0,1,5569.0,0.9500000000000001,7.3
16.6,4.4,46,22.0,5,1,1,0,0,5585.6,0.7304000000000002,6.424
29.9,4.5,32,22.0,18,1,1,0,0,5615.5,1.3455,6.57
16.0,3.8,42,22.0,11,1,0,0,0,5631.5,0.608,5.548
21.1,5.1,33,22.0,10,1,0,1,0,5652.6,1.0761,7.446
16.0,3.9,40,22.0,10,1,0,0,0,5668.6,0.624,5.694
11.9,5.3,34,22.0,13,1,0,0,0,5680.5,0.6307,7.7379999999999995
10.1,4.2,35,22.0,16,1,0,0,0,5690.6,0.4242,6.132
31.9,4.3,33,22.0,16,1,0,0,0,5722.5,1.3717,6.278
18.7,4.0,60,22.0,13,1,0,0,0,5741.2,0.748,5.84
10.8,4.7,48,22.0,17,1,0,0,1,5752.0,0.5076,6.862
19.8,4.0,56,22.0,17,1,0,0,1,5771.8,0.792,5.84
11.3,4.3,38,22.0,17,1,0,0,0,5783.1,0.4859,6.278
11.5,5.3,53,22.0,15,1,0,0,0,5794.6,0.6094999999999999,7.7379999999999995
21.4,5.2,51,22.0,13,1,0,0,0,5816.0,1.1128,7.592
32.0,4.9,53,22.0,15,1,0,0,0,5848.0,1.568,7.154
41.9,4.7,53,22.0,14,1,0,0,0,5889.9,1.9692999999999998,6.862
211.0,4.6,80,22.0,20,1,0,0,0,6100.9,9.706,6.715999999999999
216.1,5.3,90,22.0,21,1,0,0,1,6317.0,11.453299999999999,7.7379999999999995
25.5,3.6,27,22.0,27,1,0,0,1,6342.5,0.9180000000000001,5.256
16.6,4.2,52,22.0,15,1,0,1,0,6359.1,0.6972000000000002,6.132
25.9,4.1,43,22.0,24,1,0,0,0,6385.0,1.0618999999999998,5.986
16.5,4.0,48,22.0,15,1,0,0,0,6401.5,0.66,5.84
22.1,3.9,29,22.0,26,1,0,0,0,6423.6,0.8619,5.694
16.6,3.7,49,22.0,17,0,0,0,0,6440.200000000001,0.6142000000000002,5.106
15.4,4.5,43,22.0,24,0,0,0,0,6455.6,0.693,6.209999999999999
16.5,3.9,43,22.0,17,0,0,0,0,6472.1,0.6435,5.382
15.4,5.1,21,22.0,24,0,0,0,0,6487.5,0.7854,7.037999999999999
18.4,4.2,59,22.0,24,0,0,0,0,6505.9,0.7728,5.795999999999999
39.5,4.2,58,22.0,25,0,0,0,0,6545.4,1.659,5.795999999999999
21.5,4.8,47,25.0,27,0,1,0,1,6566.9,1.032,6.624
4.8,4.7,26,25.0,18,0,0,0,0,6571.7,0.2256,6.486
100.9,4.7,87,23.5,22,0,0,0,0,6672.599999999999,4.7423,6.486
129.7,4.6,58,24.0,21,0,0,0,0,6802.299999999999,5.9662,6.347999999999999
16.6,3.8,43,21.5,16,0,0,0,0,6818.9,0.6308,5.244
15.4,4.2,50,21.5,21,0,0,0,0,6834.299999999999,0.6468,5.795999999999999
16.0,3.7,45,22.0,17,0,0,0,0,6850.299999999999,0.5920000000000001,5.106
16.0,4.2,41,22.0,15,0,0,0,0,6866.299999999999,0.672,5.795999999999999
15.4,4.1,45,22.0,24,0,0,0,0,6881.699999999999,0.6314,5.6579999999999995
16.0,4.0,43,22.0,16,0,0,0,0,6897.699999999999,0.64,5.52
21.0,3.8,37,22.0,21,0,0,0,0,6918.699999999999,0.7979999999999999,5.244
15.4,3.8,47,22.0,24,0,0,0,0,6934.0999999999985,0.5852,5.244
16.0,3.8,42,22.0,17,0,0,0,0,6950.0999999999985,0.608,5.244
16.1,5.1,30,25.0,16,0,1,1,0,6966.199999999999,0.8211,7.037999999999999
16.0,4.0,42,22.0,15,0,0,0,0,6982.199999999999,0.64,5.52
15.4,4.8,40,22.0,18,0,0,0,0,6997.5999999999985,0.7392000000000001,6.624
17.2,3.9,35,22.0,16,0,0,0,0,7014.799999999998,0.6708,5.382
16.6,4.6,50,22.0,25,0,0,0,0,7031.399999999999,0.7636000000000001,6.347999999999999
18.3,4.3,46,22.0,16,1,0,0,0,7049.699999999999,0.7868999999999999,6.278
16.1,4.8,36,22.0,18,1,0,1,0,7065.799999999999,0.7728,7.008
16.0,4.1,46,22.0,17,1,0,0,0,7081.799999999999,0.6559999999999999,5.986
16.3,4.0,35,22.0,23,1,0,0,0,7098.099999999999,0.652,5.84
16.0,3.7,44,22.0,16,1,0,0,0,7114.099999999999,0.5920000000000001,5.402
18.3,4.3,46,22.0,23,1,0,0,0,7132.4,0.7868999999999999,6.278
4.5,5.2,23,22.0,23,1,0,0,1,7136.9,0.234,7.592
17.0,4.2,48,22.0,16,1,0,0,0,7153.9,0.7140000000000001,6.132
6.1,5.0,35,24.5,18,1,0,0,0,7160.0,0.305,7.3
6.1,5.0,33,22.0,24,1,0,0,1,7166.1,0.305,7.3
17.3,4.2,36,22.0,22,1,0,0,0,7183.400000000001,0.7266,6.132
6.0,4.8,27,22.0,17,1,0,0,0,7189.400000000001,0.28800000000000003,7.008
16.0,4.1,45,22.0,15,1,0,0,0,7205.400000000001,0.6559999999999999,5.986
15.4,4.9,55,22.0,18,1,0,0,0,7220.8,0.7546,7.154
15.4,4.3,39,22.0,23,1,0,0,0,7236.2,0.6622,6.278
16.0,3.9,35,22.0,18,1,0,0,0,7252.2,0.624,5.694
15.4,4.5,52,22.0,26,1,0,0,0,7267.599999999999,0.693,6.57
16.6,4.1,48,25.5,30,1,1,0,1,7284.2,0.6806,5.986
15.4,5.0,48,25.5,31,1,1,0,0,7299.599999999999,0.77,7.3
16.0,4.0,43,22.0,21,1,1,0,0,7315.599999999999,0.64,5.84
15.4,4.5,42,22.0,30,1,0,0,0,7330.999999999999,0.693,6.57
16.0,3.6,43,22.0,19,1,0,0,0,7346.999999999999,0.5760000000000001,5.256
20.9,4.1,33,22.0,21,1,0,0,0,7367.899999999999,0.8568999999999999,5.986
32.1,3.9,47,22.0,26,1,0,0,0,7399.999999999999,1.2519,5.694
15.3,6.6,16,24.0,27,1,1,0,0,7415.299999999999,1.0098,9.636
28.5,4.0,44,25.0,23,1,1,0,0,7443.799999999999,1.1400000000000001,5.84
11.9,3.7,33,25.0,19,1,0,0,0,7455.699999999999,0.4403000000000001,5.402
14.5,4.3,36,25.0,22,1,0,0,0,7470.199999999999,0.6234999999999999,6.278
16.6,4.1,49,22.0,26,1,0,0,1,7486.799999999999,0.6806,5.986
16.2,4.4,39,24.5,17,1,1,0,0,7502.999999999999,0.7128,6.424
16.7,3.8,44,24.5,23,1,0,0,1,7519.699999999999,0.6345999999999999,5.548
8.3,5.0,52,24.5,27,1,0,0,0,7527.999999999999,0.41500000000000004,7.3
5.5,3.7,33,24.5,28,1,0,0,1,7533.499999999999,0.20350000000000001,5.402
13.6,3.7,33,24.5,28,1,0,0,1,7547.099999999999,0.5032000000000001,5.402
16.0,3.7,39,24.5,18,1,0,0,0,7563.099999999999,0.5920000000000001,5.402
16.1,4.3,38,25.0,31,1,1,0,0,7579.2,0.6923,6.278
16.0,3.8,45,25.0,19,1,0,0,0,7595.2,0.608,5.548
15.4,4.6,42,25.0,31,1,1,0,0,7610.599999999999,0.7084,6.715999999999999
14.7,5.0,25,25.0,30,1,1,0,0,7625.299999999999,0.735,7.3
